{
  "version": 1,
  "author": "Vedanth Mulagund",
  "editor": "wokwi",
  "parts": [
    { "type": "board-esp32-devkit-c-v4", "id": "esp", "top": 67.2, "left": 14.44, "attrs": {} },
    { "type": "wokwi-potentiometer", "id": "pot1", "top": 46.7, "left": -86.6, "attrs": {} },
    { "type": "wokwi-potentiometer", "id": "pot2", "top": 46.7, "left": -182.6, "attrs": {} },
    { "type": "wokwi-potentiometer", "id": "pot3", "top": 181.1, "left": -144.2, "attrs": {} },
    { "type": "wokwi-led", "id": "led1", "top": 44.4, "left": 147.8, "attrs": { "color": "red" } },
    {
      "type": "wokwi-resistor",
      "id": "r1",
      "top": 148.8,
      "left": 153.05,
      "rotate": 90,
      "attrs": { "value": "1000" }
    }
  ],
  "connections": [
    [ "esp:TX", "$serialMonitor:RX", "", [] ],
    [ "esp:RX", "$serialMonitor:TX", "", [] ],
    [ "pot1:VCC", "esp:3V3", "red", [ "v0", "h47.2", "v-57.6" ] ],
    [ "pot1:GND", "esp:GND.1", "black", [ "v0" ] ],
    [ "pot1:SIG", "esp:32", "green", [ "v28.8", "h66.8", "v-28.8" ] ],
    [ "pot3:GND", "esp:GND.1", "black", [ "v19.2", "h124.8", "v-48" ] ],
    [ "pot3:VCC", "esp:3V3", "red", [ "v0", "h95.2", "v-153.6" ] ],
    [ "esp:35", "pot3:SIG", "green", [ "h-47.85", "v9.6", "h0", "v105.6", "h-76.8" ] ],
    [ "pot2:GND", "esp:GND.1", "black", [ "v67.2", "h163.2", "v38.4" ] ],
    [ "pot2:VCC", "esp:3V3", "red", [ "v9.6", "h143.2", "v-28.8" ] ],
    [ "pot2:SIG", "esp:32", "green", [ "v0" ] ],
    [ "esp:2", "r1:2", "green", [ "h0" ] ],
    [ "led1:A", "r1:1", "green", [ "v0", "h9.6" ] ],
    [ "esp:GND.2", "led1:C", "black", [ "v0", "h48" ] ]
  ],
  "dependencies": {}
}